{
  "192": {
    "q": 3.9989330553261855,
    "chi1": [
      -0.00381835166125,
      0.578600071268,
      -0.552647826384
    ],
    "chi2": [
      -0.0944480242997,
      0.0269750391762,
      -0.793283176007
    ],
    "M_f": 0.9828497613173045,
    "chi_f": 0.3901508112112744,
    "theta": 1.018121710582609,
    "kick theta": 1.239470726749482,
    "kick rapidity": 0.0012053137463836259,
    "(2,-2,0,-1)": {
      "A": [
        -0.23969868954925394,
        -0.2384937960478995
      ],
      "A_std": [
        0.0006361005648570806,
        0.0004761232613583111
      ]
    },
    "best CV": 0.01505913276219943,
    "best t0": 24.5,
    "error": 5.2847590245372954e-05,
    "mismatch": 5.3325190480862523e-05,
    "(2,-2,0,1)": {
      "A": [
        -0.03135833827594131,
        -0.0113356340563233
      ],
      "A_std": [
        0.0006993381483664954,
        0.0006969774513998797
      ]
    },
    "(2,-1,0,-1)": {
      "A": [
        0.014183864473881988,
        -0.26648713571981697
      ],
      "A_std": [
        0.00042700157454405056,
        0.00042270065268168477
      ]
    },
    "(2,-1,0,1)": {
      "A": [
        -0.03709052432657191,
        0.0819141379272463
      ],
      "A_std": [
        0.0004701361925229853,
        0.0004198569935707795
      ]
    },
    "(2,0,0,-1)": {
      "A": [
        0.11449178651270421,
        -0.07682375494575899
      ],
      "A_std": [
        0.00041927804963040637,
        0.0004425281340819777
      ]
    },
    "(2,0,0,1)": {
      "A": [
        0.13153151426964876,
        0.07146291164493035
      ],
      "A_std": [
        0.0004272032467459048,
        0.0004622049341765148
      ]
    },
    "(2,1,0,-1)": {
      "A": [
        0.04526052176756834,
        0.01690915443302274
      ],
      "A_std": [
        0.00042895772721479955,
        0.0003856049970675165
      ]
    },
    "(2,1,0,1)": {
      "A": [
        0.08533858617731155,
        -0.14255108518178228
      ],
      "A_std": [
        0.00042646542755875067,
        0.0004449233942049259
      ]
    },
    "(2,2,0,-1)": {
      "A": [
        0.0037141190284171585,
        0.010902260353086418
      ],
      "A_std": [
        0.0010558368997992396,
        0.000948006381144054
      ]
    },
    "(2,2,0,1)": {
      "A": [
        -0.09215310254461154,
        -0.05499616291401446
      ],
      "A_std": [
        0.0006699525158132419,
        0.0006977632690368169
      ]
    },
    "(3,-3,0,-1)": {
      "A": [
        -0.03403258976067852,
        0.013296961050597347
      ],
      "A_std": [
        0.00029637662721621267,
        0.0002886598747572567
      ]
    },
    "(3,-3,0,1)": {
      "A": [
        0.00025052528887788844,
        -0.0011701537103256437
      ],
      "A_std": [
        5.54711710140673e-05,
        5.664273374900792e-05
      ]
    },
    "(3,-2,0,-1)": {
      "A": [
        -0.05081330430208923,
        -0.03265760012488637
      ],
      "A_std": [
        0.00036402308400441664,
        0.00037806970791250165
      ]
    },
    "(3,-2,0,1)": {
      "A": [
        -0.005945076848467177,
        -0.0024965604691672646
      ],
      "A_std": [
        8.375182487639758e-05,
        7.76861823955618e-05
      ]
    },
    "(3,-1,0,-1)": {
      "A": [
        0.005430950974026674,
        -0.052081662718236166
      ],
      "A_std": [
        0.00028733235266390655,
        0.0003397391384133578
      ]
    },
    "(3,-1,0,1)": {
      "A": [
        -0.007237883523991788,
        0.01739312814823904
      ],
      "A_std": [
        0.00012047516988274432,
        0.00014968773221104092
      ]
    },
    "(3,0,0,-1)": {
      "A": [
        0.02940806953779744,
        -0.008965814260329956
      ],
      "A_std": [
        0.00021708824018212174,
        0.0001584063720191399
      ]
    },
    "(3,0,0,1)": {
      "A": [
        0.034337280197654654,
        0.01148795559345077
      ],
      "A_std": [
        0.0002938688853099301,
        0.0002203089324729238
      ]
    },
    "(3,1,0,-1)": {
      "A": [
        0.007981863033571105,
        0.010103748475335093
      ],
      "A_std": [
        0.0001045204684347016,
        0.00011318532617141392
      ]
    },
    "(3,1,0,1)": {
      "A": [
        0.009812528253528288,
        -0.04746572206885096
      ],
      "A_std": [
        0.0003070504561205039,
        0.000429724056031661
      ]
    },
    "(3,2,0,-1)": {
      "A": [
        -0.0018395679811797766,
        0.0032689767554698133
      ],
      "A_std": [
        7.090663723445593e-05,
        7.660602551535628e-05
      ]
    },
    "(3,2,0,1)": {
      "A": [
        -0.04433093650802245,
        -0.0012862749822918236
      ],
      "A_std": [
        0.0004299355376240639,
        0.0003211860247059457
      ]
    },
    "(3,3,0,-1)": {
      "A": [
        -0.000698041301252584,
        -4.2723871981299785e-05
      ],
      "A_std": [
        4.56044136385767e-05,
        4.746397253592506e-05
      ]
    },
    "(3,3,0,1)": {
      "A": [
        0.005131275726131849,
        0.0233219355274206
      ],
      "A_std": [
        0.00023595088619241236,
        0.0002366997353029359
      ]
    }
  }
}