{
  "192": {
    "q": 3.9989330553261855,
    "chi1": [
      -0.00381835166125,
      0.578600071268,
      -0.552647826384
    ],
    "chi2": [
      -0.0944480242997,
      0.0269750391762,
      -0.793283176007
    ],
    "M_f": 0.9828497613173045,
    "chi_f": 0.3901508112112744,
    "theta": 1.018121710582609,
    "kick theta": 1.23947072674948,
    "kick rapidity": 0.0012053137463836259,
    "(2,-2,0,-1)": {
      "A": [
        -0.2396986895492556,
        -0.23849379604789706
      ],
      "A_std": [
        0.0006361005648571868,
        0.0004761232613586047
      ]
    },
    "best CV": 0.015059132762199468,
    "best t0": 24.5,
    "error": 5.284759024537276e-05,
    "mismatch": 5.3325190480862523e-05,
    "(2,-2,0,1)": {
      "A": [
        -0.03135833827594134,
        -0.011335634056323665
      ],
      "A_std": [
        0.0006993381483665119,
        0.0006969774513999269
      ]
    },
    "(2,-1,0,-1)": {
      "A": [
        0.014183864473886101,
        -0.2664871357198153
      ],
      "A_std": [
        0.000427001574543647,
        0.00042270065268162145
      ]
    },
    "(2,-1,0,1)": {
      "A": [
        -0.037090524326572255,
        0.0819141379272466
      ],
      "A_std": [
        0.00047013619252299664,
        0.00041985699357077153
      ]
    },
    "(2,0,0,-1)": {
      "A": [
        0.11449178651270324,
        -0.07682375494575905
      ],
      "A_std": [
        0.0004192780496305064,
        0.00044252813408194295
      ]
    },
    "(2,0,0,1)": {
      "A": [
        0.13153151426964768,
        0.07146291164493052
      ],
      "A_std": [
        0.00042720324674587126,
        0.0004622049341765409
      ]
    },
    "(2,1,0,-1)": {
      "A": [
        0.045260521767568576,
        0.0169091544330227
      ],
      "A_std": [
        0.00042895772721474864,
        0.0003856049970675191
      ]
    },
    "(2,1,0,1)": {
      "A": [
        0.08533858617730893,
        -0.142551085181783
      ],
      "A_std": [
        0.0004264654275585738,
        0.00044492339420488267
      ]
    },
    "(2,2,0,-1)": {
      "A": [
        0.0037141190284173046,
        0.010902260353086465
      ],
      "A_std": [
        0.00105583689979924,
        0.0009480063811440496
      ]
    },
    "(2,2,0,1)": {
      "A": [
        -0.09215310254461091,
        -0.05499616291401519
      ],
      "A_std": [
        0.0006699525158132499,
        0.0006977632690368488
      ]
    },
    "(3,-3,0,-1)": {
      "A": [
        -0.034032589760678855,
        0.013296961050596596
      ],
      "A_std": [
        0.0002963766272161759,
        0.00028865987475735295
      ]
    },
    "(3,-3,0,1)": {
      "A": [
        0.00025052528887786963,
        -0.001170153710325654
      ],
      "A_std": [
        5.547117101406876e-05,
        5.664273374901101e-05
      ]
    },
    "(3,-2,0,-1)": {
      "A": [
        -0.05081330430208929,
        -0.03265760012488639
      ],
      "A_std": [
        0.0003640230840044447,
        0.0003780697079124791
      ]
    },
    "(3,-2,0,1)": {
      "A": [
        -0.005945076848467161,
        -0.0024965604691673496
      ],
      "A_std": [
        8.375182487640433e-05,
        7.768618239556343e-05
      ]
    },
    "(3,-1,0,-1)": {
      "A": [
        0.005430950974028061,
        -0.052081662718236
      ],
      "A_std": [
        0.0002873323526637956,
        0.00033973913841336576
      ]
    },
    "(3,-1,0,1)": {
      "A": [
        -0.0072378835239917975,
        0.01739312814823905
      ],
      "A_std": [
        0.00012047516988273753,
        0.00014968773221102818
      ]
    },
    "(3,0,0,-1)": {
      "A": [
        0.029408069537797756,
        -0.008965814260329061
      ],
      "A_std": [
        0.00021708824018208136,
        0.0001584063720191168
      ]
    },
    "(3,0,0,1)": {
      "A": [
        0.03433728019765505,
        0.011487955593449718
      ],
      "A_std": [
        0.0002938688853099826,
        0.00022030893247287225
      ]
    },
    "(3,1,0,-1)": {
      "A": [
        0.00798186303357112,
        0.010103748475335097
      ],
      "A_std": [
        0.00010452046843469054,
        0.00011318532617143729
      ]
    },
    "(3,1,0,1)": {
      "A": [
        0.00981252825352701,
        -0.047465722068851184
      ],
      "A_std": [
        0.00030705045612053404,
        0.0004297240560317037
      ]
    },
    "(3,2,0,-1)": {
      "A": [
        -0.0018395679811797484,
        0.0032689767554698566
      ],
      "A_std": [
        7.090663723446602e-05,
        7.660602551534884e-05
      ]
    },
    "(3,2,0,1)": {
      "A": [
        -0.044330936508022514,
        -0.0012862749822918336
      ],
      "A_std": [
        0.0004299355376240573,
        0.00032118602470594627
      ]
    },
    "(3,3,0,-1)": {
      "A": [
        -0.0006980413012525889,
        -4.27238719813139e-05
      ],
      "A_std": [
        4.560441363857804e-05,
        4.7463972535924896e-05
      ]
    },
    "(3,3,0,1)": {
      "A": [
        0.005131275726132378,
        0.02332193552742051
      ],
      "A_std": [
        0.0002359508861924733,
        0.0002366997353029299
      ]
    },
    "R_error": 0.011886692098788454
  }
}