{
  "192": {
    "q": 3.9989330553261855,
    "chi1": [
      -0.00381835166125,
      0.578600071268,
      -0.552647826384
    ],
    "chi2": [
      -0.0944480242997,
      0.0269750391762,
      -0.793283176007
    ],
    "M_f": 0.9828497613173045,
    "chi_f": 0.3901508112112744,
    "theta": 1.0181217105826088,
    "kick theta": 1.239470726749488,
    "kick rapidity": 0.0012053290316442662,
    "(2,-2,0,-1)": {
      "A": [
        -0.23963351459701693,
        -0.23853775336626393
      ],
      "A_std": [
        0.0006285886973619693,
        0.00047227305358685815
      ]
    },
    "best CV": 0.015059219023714173,
    "best t0": 24.5,
    "error": 5.284126804641741e-05,
    "mismatch": 5.3319148781415555e-05,
    "(2,-2,0,1)": {
      "A": [
        -0.031358615032759954,
        -0.01132991168372311
      ],
      "A_std": [
        0.0006992301181858638,
        0.0006960606337232356
      ]
    },
    "(2,-1,0,-1)": {
      "A": [
        0.01423977049080641,
        -0.2664720658132464
      ],
      "A_std": [
        0.0004216509995125916,
        0.00042240217435434075
      ]
    },
    "(2,-1,0,1)": {
      "A": [
        -0.037073475912251956,
        0.0819171937034502
      ],
      "A_std": [
        0.0004702997429756683,
        0.000419634727913444
      ]
    },
    "(2,0,0,-1)": {
      "A": [
        0.11450184879950537,
        -0.0767977350590475
      ],
      "A_std": [
        0.00041934525750640466,
        0.0004412387646019337
      ]
    },
    "(2,0,0,1)": {
      "A": [
        0.13153974294137455,
        0.0714337624206291
      ],
      "A_std": [
        0.0004271663193905626,
        0.00046007802606322183
      ]
    },
    "(2,1,0,-1)": {
      "A": [
        0.045255222516286345,
        0.016916633047121026
      ],
      "A_std": [
        0.00042913891941414987,
        0.00038522657953442887
      ]
    },
    "(2,1,0,1)": {
      "A": [
        0.08530452411800618,
        -0.14256270286433048
      ],
      "A_std": [
        0.0004239064338571531,
        0.0004441523159796156
      ]
    },
    "(2,2,0,-1)": {
      "A": [
        0.0037120036453871653,
        0.01090250082991245
      ],
      "A_std": [
        0.001055583137996658,
        0.0009478088757533318
      ]
    },
    "(2,2,0,1)": {
      "A": [
        -0.09216150759742649,
        -0.05497267955235502
      ],
      "A_std": [
        0.0006697439667578737,
        0.0006968597580193109
      ]
    },
    "(3,-3,0,-1)": {
      "A": [
        -0.034035802063436975,
        0.013284057814337034
      ],
      "A_std": [
        0.0002960362721841457,
        0.0002901081418992566
      ]
    },
    "(3,-3,0,1)": {
      "A": [
        0.00025018946538780295,
        -0.00117016022871599
      ],
      "A_std": [
        5.548866071169757e-05,
        5.666052449800544e-05
      ]
    },
    "(3,-2,0,-1)": {
      "A": [
        -0.05079968633127115,
        -0.03267354859640776
      ],
      "A_std": [
        0.00036567787466213554,
        0.0003764339793937411
      ]
    },
    "(3,-2,0,1)": {
      "A": [
        -0.0059455051703001275,
        -0.00249472538878746
      ],
      "A_std": [
        8.373665403930516e-05,
        7.756317313010056e-05
      ]
    },
    "(3,-1,0,-1)": {
      "A": [
        0.005447774540031341,
        -0.05207743435442684
      ],
      "A_std": [
        0.00028592149920313734,
        0.000340179277921301
      ]
    },
    "(3,-1,0,1)": {
      "A": [
        -0.007232344030948248,
        0.01739448619662752
      ],
      "A_std": [
        0.00012014362585981014,
        0.00014985049368045197
      ]
    },
    "(3,0,0,-1)": {
      "A": [
        0.02940949835541639,
        -0.008956181741059254
      ],
      "A_std": [
        0.00021684228662783794,
        0.00015812789087869518
      ]
    },
    "(3,0,0,1)": {
      "A": [
        0.03433925326697959,
        0.01147668087412256
      ],
      "A_std": [
        0.00029407394862238323,
        0.00021984614294078873
      ]
    },
    "(3,1,0,-1)": {
      "A": [
        0.007978474830006532,
        0.010105655999268215
      ],
      "A_std": [
        0.00010450024352724432,
        0.00011289026777409612
      ]
    },
    "(3,1,0,1)": {
      "A": [
        0.009796508054380914,
        -0.04746670467570795
      ],
      "A_std": [
        0.00030739915128501325,
        0.00042977445413591123
      ]
    },
    "(3,2,0,-1)": {
      "A": [
        -0.0018404218623365022,
        0.0032682876189676427
      ],
      "A_std": [
        7.09062423043591e-05,
        7.661907318363055e-05
      ]
    },
    "(3,2,0,1)": {
      "A": [
        -0.044329291901291874,
        -0.0012709571485061142
      ],
      "A_std": [
        0.000429643799374714,
        0.00032231137024830536
      ]
    },
    "(3,3,0,-1)": {
      "A": [
        -0.0006980000269856877,
        -4.290992606459558e-05
      ],
      "A_std": [
        4.5617913910549113e-05,
        4.7465044257727014e-05
      ]
    },
    "(3,3,0,1)": {
      "A": [
        0.005139476083407517,
        0.02331898010379107
      ],
      "A_std": [
        0.000236878404849653,
        0.00023632669259270704
      ]
    }
  }
}