{
    "simulation_name": "0509/Lev3",
    "alternative_names": [
        "BFI:q4_7d:0509",
        "SXS:BBH:1984"
    ],
    "keywords": [],
    "point_of_contact_email": "glovelace@fullerton.edu",
    "authors_emails": [],
    "simulation_bibtex_keys": [
        "Varma:2019csw",
        "Boyle:2019kee",
        "SXSCatalogWebsite"
    ],
    "code_bibtex_keys": [
        "Ossokine:2013zga",
        "Hemberger:2012jz",
        "Szilagyi:2009qz",
        "Boyle:2009vi",
        "Scheel:2008rj",
        "Boyle:2007ft",
        "Scheel:2006gg",
        "Lindblom:2005qh",
        "Pfeiffer:2002wt",
        "SpECwebsite"
    ],
    "initial_data_bibtex_keys": [
        "Buchman:2012dw",
        "Lovelace:2008tw",
        "Pfeiffer:2007yz",
        "Caudill:2006hw",
        "Cook:2004kt"
    ],
    "quasicircular_bibtex_keys": [
        "Mroue:2012kv",
        "Buonanno:2010yk",
        "Mroue:2010re",
        "Boyle:2007ft"
    ],
    "initial_data_type": "BBH_SKS",
    "initial_separation": 14.5904541016,
    "initial_orbital_frequency": 0.016135457961,
    "initial_adot": -0.0003112495329484,
    "object1": "bh",
    "object2": "bh",
    "initial_ADM_energy": 0.9953681943836306,
    "initial_ADM_linear_momentum": [
        6.9917932e-09,
        -9.71709852e-08,
        -3.4593657e-09
    ],
    "initial_ADM_angular_momentum": [
        0.0700245452345032,
        0.3486683714954615,
        0.3325199911528697
    ],
    "initial_mass1": 0.8000000333787665,
    "initial_mass2": 0.200000006946656,
    "initial_dimensionless_spin1": [
        0.1130857929125209,
        0.5622363139903949,
        -0.5577628900516084
    ],
    "initial_dimensionless_spin2": [
        -0.0672912936243323,
        0.0502181158830229,
        -0.7955815620286615
    ],
    "initial_position1": [
        2.940622493410963,
        0.0315171708544423,
        0.0061226472370593
    ],
    "initial_position2": [
        -11.649831608189038,
        0.0315171708544423,
        0.0061226472370593
    ],
    "relaxation_time": 400.0,
    "reference_time": 400.0,
    "reference_mass1": 0.799967457806,
    "reference_mass2": 0.200045223748,
    "reference_dimensionless_spin1": [
        -0.00381835166125,
        0.578600071268,
        -0.552647826384
    ],
    "reference_dimensionless_spin2": [
        -0.0944480242997,
        0.0269750391762,
        -0.793283176007
    ],
    "reference_position1": [
        2.65212044408,
        1.33967720895,
        -0.226574295541
    ],
    "reference_position2": [
        -10.5400269785,
        -5.49434902846,
        0.903541579489
    ],
    "reference_orbital_frequency": [
        0.00165820811064,
        -0.000392460271554,
        0.0169834284112
    ],
    "reference_eccentricity": "<1.7e-04",
    "reference_mean_anomaly": 0.463544,
    "common_horizon_time": 4700.16124222,
    "number_of_orbits": 17.5564471613,
    "remnant_mass": 0.982849024922,
    "remnant_dimensionless_spin": [
        0.0134313907279,
        0.240249482812,
        0.307112482048
    ],
    "remnant_velocity": [
        -0.00106514109982,
        0.00054512382513,
        0.000129533657222
    ],
    "metadata_version": 1,
    "spec_revisions": "InitialCommit-30548-g8a39246",
    "spells_revision": "8a392465d586c8ca817d062b58522dabb63df692"
}