{
    "simulation_name": "0261/Lev3",
    "alternative_names": "BFI:q8_7d:0261",
    "keywords": [],
    "point_of_contact_email": "fmh33@cornell.edu",
    "authors_emails": [],
    "simulation_bibtex_keys": "SXSCatalog",
    "code_bibtex_keys": [
        "Ossokine:2013zga",
        "Hemberger:2012jz",
        "Szilagyi:2009qz",
        "Boyle:2009vi",
        "Scheel:2008rj",
        "Boyle:2007ft",
        "Scheel:2006gg",
        "Lindblom:2005qh",
        "Pfeiffer:2002wt",
        "SpECwebsite"
    ],
    "initial_data_bibtex_keys": [
        "Buchman:2012dw",
        "Lovelace:2008tw",
        "Pfeiffer:2007yz",
        "Caudill:2006hw",
        "Cook:2004kt"
    ],
    "quasicircular_bibtex_keys": [
        "Mroue:2012kv",
        "Buonanno:2010yk",
        "Mroue:2010re",
        "Boyle:2007ft"
    ],
    "initial_data_type": "BBH_SKS",
    "initial_separation": 15.3961791992,
    "initial_orbital_frequency": 0.015136262317,
    "initial_adot": 0.0002890821708189,
    "object1": "bh",
    "object2": "bh",
    "initial_ADM_energy": 0.997028465555193,
    "initial_ADM_linear_momentum": [
        -1.81435362e-08,
        -3.76257035e-08,
        2.7498486e-09
    ],
    "initial_ADM_angular_momentum": [
        0.2835577789833242,
        -0.3194120608340082,
        0.1262026089467554
    ],
    "initial_mass1": 0.8791141694635236,
    "initial_mass2": 0.1208858329426847,
    "initial_dimensionless_spin1": [
        0.3575900501842167,
        -0.425743262250401,
        -0.4629729840259853
    ],
    "initial_dimensionless_spin2": [
        0.4780134042490828,
        0.574952148395392,
        -0.0179624255511209
    ],
    "initial_position1": [
        1.8801274941225177,
        0.0257443566319694,
        0.0050501400298263
    ],
    "initial_position2": [
        -13.516051705077484,
        0.0257443566319694,
        0.0050501400298263
    ],
    "relaxation_time": 380.0,
    "reference_time": 380.0,
    "reference_mass1": 0.87901078103,
    "reference_mass2": 0.120901777337,
    "reference_dimensionless_spin1": [
        0.398805289241,
        -0.390073761601,
        -0.461015550039
    ],
    "reference_dimensionless_spin2": [
        0.0919625698027,
        0.741979388927,
        -0.013578315422
    ],
    "reference_position1": [
        1.71914496432,
        -0.804642281767,
        0.0580540252638
    ],
    "reference_position2": [
        -12.5916996786,
        5.68287414619,
        -0.336790285339
    ],
    "reference_orbital_frequency": [
        -0.000872579127598,
        -0.000988310802821,
        0.0153874871724
    ],
    "reference_eccentricity": 0.0002762,
    "reference_mean_anomaly": 1.838545,
    "common_horizon_time": 9487.84032889,
    "number_of_orbits": 32.4942654508,
    "remnant_mass": 0.989936850827,
    "remnant_dimensionless_spin": [
        0.257089491474,
        -0.314154671253,
        0.135978963414
    ],
    "remnant_velocity": [
        0.000177317270515,
        -0.000133409575911,
        -0.000565567141905
    ],
    "metadata_version": 1,
    "spec_revisions": [
        "InitialCommit-31220-g0a25050e94",
        "InitialCommit-31260-gae433ae28b",
        "InitialCommit-31343-gb4da1e614b"
    ],
    "spells_revision": "0a25050e94036ca11d250539d19b29a0239fb13b"
}